352,A Game of Unchance,"game of unchance, a",A-Game-Of-Unchance,Philip K.,Dick,11/9/1963,7/1/1964,NULL,12,NULL,https://1999pkdweb.philipdick.com/A%20Game%20Of%20Unchance.htm,0,"A GAME OF UNCHANCE 11/9/63. Amazing, July 1964.","11/9/63. Amazing, July 1964.",11/9/1963,July 1964.,7/1/1964,https://1999pkdweb.philipdick.com/A%20Game%20Of%20Unchance.htm
336,A Glass of Darkness,"glass of darkness, a",A-Glass-Of-Darkness,Philip K.,Dick,,,NULL,12,NULL,https://1999pkdweb.philipdick.com/A%20Glass%20Of%20Darkness.htm,0,,,,,,https://1999pkdweb.philipdick.com/A%20Glass%20Of%20Darkness.htm
376,A Little Something For Us Tempunauts,"little something for us tempunauts, a",A-Little-Something-For-Us-Tempunauts,Philip K.,Dick,2/13/1973,1/1/1974,NULL,12,NULL,https://1999pkdweb.philipdick.com/A%20Little%20Something%20For%20Us%20Tempunauts.htm,0,"A LITTLE SOMETHING FOR US TEMPUNAUTS 2/13/73. Final Stage, edited by Edward L. Ferman and Barry N. Malzberg, New York, 1974.","2/13/73. Final Stage, edited by Edward L. Ferman and Barry N. Malzberg, New York, 1974.",2/13/1973,1974,1/1/1974,https://1999pkdweb.philipdick.com/A%20Little%20Something%20For%20Us%20Tempunauts.htm
309,A Present for Pat,"present for pat, a",A-Present-For-Pat,Philip K.,Dick,1/17/1953,1/1/1954,NULL,12,NULL,https://1999pkdweb.philipdick.com/A%20Present%20For%20Pat.htm,0,"A PRESENT FOR PAT 1/17/53. Startling Stories, Jan 1954.","1/17/53. Startling Stories, Jan 1954.",1/17/1953,Jan 1954.,1/1/1954,https://1999pkdweb.philipdick.com/A%20Present%20For%20Pat.htm
333,A Surface Raid,"surface raid, a",A-Surface-Raid,Philip K.,Dick,12/2/1952,7/1/1955,NULL,12,NULL,https://1999pkdweb.philipdick.com/A%20Surface%20Raid.htm,0,"A SURFACE RAID 12/2/52. Fantastic Universe, July 1955.","12/2/52. Fantastic Universe, July 1955.",12/2/1952,July 1955.,7/1/1955,https://1999pkdweb.philipdick.com/A%20Surface%20Raid.htm
322,A World of Talent,"world of talent, a",A-World-Of-Talent,Philip K.,Dick,6/4/1954,10/1/1954,NULL,12,NULL,https://1999pkdweb.philipdick.com/A%20World%20Of%20Talent.htm,0,"A WORLD OF TALENT (""Two Steps Right"") 6/4/54. Galaxy, Oct 1954.","6/4/54. Galaxy, Oct 1954.",6/4/1954,Oct 1954.,10/1/1954,https://1999pkdweb.philipdick.com/A%20World%20Of%20Talent.htm
371,"A. Lincoln, Simulacrum","a. lincoln, simulacrum","A.-Lincoln,-Simulacrum",Philip K.,Dick,,,NULL,12,NULL,"https://1999pkdweb.philipdick.com/A.%20Lincoln,%20Simulacrum.htm",0,,,,,,"https://1999pkdweb.philipdick.com/A.%20Lincoln,%20Simulacrum.htm"
346,All We Marsmen,all we marsmen,All-We-Marsmen,Philip K.,Dick,,,NULL,12,NULL,https://1999pkdweb.philipdick.com/All%20We%20Marsmen.htm,0,,,,,,https://1999pkdweb.philipdick.com/All%20We%20Marsmen.htm
323,Autofac,autofac,Autofac,Philip K.,Dick,10/11/1954,11/1/1955,NULL,12,NULL,https://1999pkdweb.philipdick.com/autofac.htm,0,"AUTOFAC 10/11/54. Galaxy, Nov 1955.","10/11/54. Galaxy, Nov 1955.",10/11/1954,Nov 1955.,11/1/1955,https://1999pkdweb.philipdick.com/autofac.htm
265,Beyond Lies the Wub,beyond lies the wub,Beyond-Lies-The-Wub,Philip K.,Dick,,7/1/1952,NULL,12,NULL,https://1999pkdweb.philipdick.com/Beyond%20Lies%20The%20Wub.htm,0,"BEYOND LIES THE WUB Planet Stories, July 1952.","Planet Stories, July 1952.",,July 1952.,7/1/1952,https://1999pkdweb.philipdick.com/Beyond%20Lies%20The%20Wub.htm
297,Beyond the Door,beyond the door,Beyond-The-Door,Philip K.,Dick,8/29/1952,1/1/1954,NULL,12,NULL,https://1999pkdweb.philipdick.com/Beyond%20The%20Door.htm,0,"BEYOND THE DOOR 8/29/52. Fantastic Universe, Jan 1954.","8/29/52. Fantastic Universe, Jan 1954.",8/29/1952,Jan 1954.,1/1/1954,https://1999pkdweb.philipdick.com/Beyond%20The%20Door.htm
298,Breakfast at Twilight,breakfast at twilight,Breakfast-At-Twilight,Philip K.,Dick,1/17/1953,7/1/1954,NULL,12,NULL,https://1999pkdweb.philipdick.com/Breakfast%20At%20Twilight.htm,0,"BREAKFAST AT TWILIGHT 1/17/53. Amazing, July 1954.","1/17/53. Amazing, July 1954.",1/17/1953,July 1954.,7/1/1954,https://1999pkdweb.philipdick.com/Breakfast%20At%20Twilight.htm
373,"Cadbury, the Beaver Who Lacked","cadbury, the beaver who lacked","Cadbury,-The-Beaver-Who-Lacked",Philip K.,Dick,12/1/1971,,NULL,12,NULL,"https://1999pkdweb.philipdick.com/Cadbury,%20The%20Beaver%20Who%20Lacked.htm",0,"CADBURY, THE BEAVER WHO LACKED written 12/71 [previously unpublished].",written 12/71 [previously unpublished].,12/1/1971,,,"https://1999pkdweb.philipdick.com/Cadbury,%20The%20Beaver%20Who%20Lacked.htm"
351,Cantata 140,cantata 140,Cantata-140,Philip K.,Dick,,,NULL,12,NULL,https://1999pkdweb.philipdick.com/Cantata%20140.htm,0,,,,,,https://1999pkdweb.philipdick.com/Cantata%20140.htm
324,Captive Market,captive market,Captive-Market,Philip K.,Dick,10/18/1954,4/1/1955,NULL,12,NULL,https://1999pkdweb.philipdick.com/Captive%20Market.htm,0,"CAPTIVE MARKET 10/18/54. If, April 1955.","10/18/54. If, April 1955.",10/18/1954,April 1955.,4/1/1955,https://1999pkdweb.philipdick.com/Captive%20Market.htm
380,"Chains of Air, Web of Aether","chains of air, web of aether","Chains-Of-Air,-Web-Of-Aether",Philip K.,Dick,7/9/1979,1/1/1980,NULL,12,NULL,"https://1999pkdweb.philipdick.com/Chains%20Of%20Air,%20Web%20Of%20Aether.htm",0,"CHAINS OF AIR, WEB OF AETHER (""The Man Who Knew How to Lose"") 7/9/79. Stellar #5, edited by Judy-Lynn del Rey, New York, 1980. [Included in PKD's novel THE DIVINE INVASION .]","7/9/79. Stellar #5, edited by Judy-Lynn del Rey, New York, 1980. [Included in PKD's novel THE DIVINE INVASION .]",7/9/1979,1980,1/1/1980,"https://1999pkdweb.philipdick.com/Chains%20Of%20Air,%20Web%20Of%20Aether.htm"
270,Colony,colony,Colony,Philip K.,Dick,8/11/1952,6/1/1953,NULL,12,NULL,https://1999pkdweb.philipdick.com/colony.htm,0,"COLONY 8/11/52. Galaxy, June 1953.","8/11/52. Galaxy, June 1953.",8/11/1952,June 1953.,6/1/1953,https://1999pkdweb.philipdick.com/colony.htm
301,Exhibit Piece,exhibit piece,Exhibit-Piece,Philip K.,Dick,10/21/1953,8/1/1954,NULL,12,NULL,https://1999pkdweb.philipdick.com/Exhibit%20Piece.htm,0,EXHIBIT PIECE 10/21/53. If Aug 1954.,10/21/53. If Aug 1954.,10/21/1953,Aug 1954.,8/1/1954,https://1999pkdweb.philipdick.com/Exhibit%20Piece.htm
275,Expendable,expendable,Expendable,Philip K.,Dick,,7/1/1953,NULL,12,NULL,https://1999pkdweb.philipdick.com/Expendable.htm,0,"EXPENDABLE (""He Who Waits"") Fantasy & Science Fiction, July 1953.","Fantasy & Science Fiction, July 1953.",,July 1953.,7/1/1953,https://1999pkdweb.philipdick.com/Expendable.htm
342,Explorers We,explorers we,Explorers-We,Philip K.,Dick,5/6/1958,1/1/1959,NULL,12,NULL,https://1999pkdweb.philipdick.com/Explorers%20We.htm,0,"EXPLORERS WE 5/6/58. Fantasy & Science Fiction, Jan 1959.","5/6/58. Fantasy & Science Fiction, Jan 1959.",5/6/1958,Jan 1959.,1/1/1959,https://1999pkdweb.philipdick.com/Explorers%20We.htm
343,Fair Game,fair game,Fair-Game,Philip K.,Dick,4/21/1953,9/1/1959,NULL,12,NULL,https://1999pkdweb.philipdick.com/Fair%20Game.htm,0,"FAIR GAME 4/21/53. If, Sept 1959.","4/21/53. If, Sept 1959.",4/21/1953,Sept 1959.,9/1/1959,https://1999pkdweb.philipdick.com/Fair%20Game.htm
367,Faith of Our Fathers,faith of our fathers,Faith-Of-Our-Fathers,Philip K.,Dick,1/17/1966,1/1/1967,NULL,12,NULL,https://1999pkdweb.philipdick.com/Faith%20Of%20Our%20Fathers.htm,0,"FAITH OF OUR FATHERS 1/17/66. Dangerous Visions, edited by Harlan Ellison, Garden City, 1967. [Hugo Award nominee]","1/17/66. Dangerous Visions, edited by Harlan Ellison, Garden City, 1967. [Hugo Award nominee]",1/17/1966,1967,1/1/1967,https://1999pkdweb.philipdick.com/Faith%20Of%20Our%20Fathers.htm
385,"Fawn, Look Back","fawn, look back","Fawn,-Look-Back",Philip K.,Dick,,,NULL,12,NULL,https://1999pkdweb.philipdick.com/Fawn%20Look%20Back.htm,0,,,,,,https://1999pkdweb.philipdick.com/Fawn%20Look%20Back.htm
326,"Foster, Youâ€™re Dead!","foster, youâ€™re dead!","Foster,-Youâ€™re-Dead!",Philip K.,Dick,12/31/1953,1/1/1955,NULL,12,NULL,https://1999pkdweb.philipdick.com/Foster%20Youre%20Dead.htm,0,"FOSTER, YOU'RE DEAD 12/31/53. Star Science Fiction Stories No 3, edited by Frederik Pohl, New York, 1955.","12/31/53. Star Science Fiction Stories No 3, edited by Frederik Pohl, New York, 1955.",12/31/1953,1955,1/1/1955,https://1999pkdweb.philipdick.com/Foster%20Youre%20Dead.htm
387,"Goodbye, Vincent","goodbye, vincent","Goodbye,-Vincent",Philip K.,Dick,,,NULL,12,NULL,"https://1999pkdweb.philipdick.com/Goodbye,%20Vincent.htm",0,,,,,,"https://1999pkdweb.philipdick.com/Goodbye,%20Vincent.htm"
364,Holy Quarrel,holy quarrel,Holy-Quarrel,Philip K.,Dick,9/13/1965,5/1/1966,NULL,12,NULL,https://1999pkdweb.philipdick.com/Holy%20Quarrel.htm,0,"HOLY QUARREL 9/13/65. Worlds of Tomorrow, May 1966.","9/13/65. Worlds of Tomorrow, May 1966.",9/13/1965,May 1966.,5/1/1966,https://1999pkdweb.philipdick.com/Holy%20Quarrel.htm
328,Human Is,human is,Human-Is,Philip K.,Dick,2/2/1953,12/1/1955,NULL,12,NULL,https://1999pkdweb.philipdick.com/Human%20Is.htm,0,"HUMAN IS 2/2/53. Startling Stories, Winter 1955.","2/2/53. Startling Stories, Winter 1955.",2/2/1953,Winter 1955.,12/1/1955,https://1999pkdweb.philipdick.com/Human%20Is.htm
378,I Hope I Shall Arrive Soon,i hope i shall arrive soon,I-Hope-I-Shall-Arrive-Soon,Philip K.,Dick,4/24/1980,12/1/1980,NULL,12,NULL,https://1999pkdweb.philipdick.com/I%20HOPE%20I%20SHALL%20ARRIVE%20SOON.htm,0,"I HOPE I SHALL ARRIVE SOON (titled ""Frozen Journey"" in its magazine appearance; ""I Hope I Shall Arrive Soon"" is PKD's title) 4/24/80. Playboy, Dec 1980. [Playboy Award winner]","4/24/80. Playboy, Dec 1980. [Playboy Award winner]",4/24/1980,Dec 1980.,12/1/1980,https://1999pkdweb.philipdick.com/I%20HOPE%20I%20SHALL%20ARRIVE%20SOON.htm
348,If There Were No Benny Cemoli,if there were no benny cemoli,If-There-Were-No-Benny-Cemoli,Philip K.,Dick,2/27/1963,12/1/1963,NULL,12,NULL,https://1999pkdweb.philipdick.com/If%20There%20Were%20No%20Benny%20Cemoli.htm,0,"IF THERE WERE NO BENNY CEMOLI (""Had There Never Been A Benny Cemoli"") 2/27/63. Galaxy, Dec 1963.","2/27/63. Galaxy, Dec 1963.",2/27/1963,Dec 1963.,12/1/1963,https://1999pkdweb.philipdick.com/If%20There%20Were%20No%20Benny%20Cemoli.htm
280,Impostor,impostor,Impostor,Philip K.,Dick,2/24/1953,6/1/1953,NULL,12,NULL,https://1999pkdweb.philipdick.com/impostor.htm,0,"IMPOSTER 2/24/53. Astounding, June 1953.","2/24/53. Astounding, June 1953.",2/24/1953,June 1953.,6/1/1953,https://1999pkdweb.philipdick.com/impostor.htm
304,James P. Crow,james p. crow,James-P.-Crow,Philip K.,Dick,3/17/1953,5/1/1954,NULL,12,NULL,https://1999pkdweb.philipdick.com/James%20P%20Crow.htm,0,"JAMES P. CROW 3/17/53. Planet Stories, May 1954.","3/17/53. Planet Stories, May 1954.",3/17/1953,May 1954.,5/1/1954,https://1999pkdweb.philipdick.com/James%20P%20Crow.htm
305,Jonâ€™s World,jonâ€™s world,Jonâ€™s-World,Philip K.,Dick,10/21/1952,1/1/1954,NULL,12,NULL,https://1999pkdweb.philipdick.com/Jons%20World.htm,0,"JON'S WORLD (""Jon"") 10/21/52. Time to Come, edited by August Derleth, New York, 1954.","10/21/52. Time to Come, edited by August Derleth, New York, 1954.",10/21/1952,1954,1/1/1954,https://1999pkdweb.philipdick.com/Jons%20World.htm
284,Martians Come in Clouds,martians come in clouds,Martians-Come-In-Clouds,Philip K.,Dick,11/5/1952,6/1/1954,NULL,12,NULL,https://1999pkdweb.philipdick.com/Martians%20Come%20In%20Clouds.htm,0,"MARTIANS COME IN CLOUDS (""The Buggies"") 11/5/52. Fantastic Universe, June-July 1954.","11/5/52. Fantastic Universe, June-July 1954.",11/5/1952,June-July 1954.,6/1/1954,https://1999pkdweb.philipdick.com/Martians%20Come%20In%20Clouds.htm
307,Meddler,meddler,Meddler,Philip K.,Dick,7/24/1952,10/1/1954,NULL,12,NULL,https://1999pkdweb.philipdick.com/meddler.htm,0,"MEDDLER 7/24/52. Future, Oct 1954.","7/24/52. Future, Oct 1954.",7/24/1952,Oct 1954.,10/1/1954,https://1999pkdweb.philipdick.com/meddler.htm
388,Menace React,menace react,Menace-React,Philip K.,Dick,,,NULL,12,NULL,,0,,,,,,
339,Misadjustment,misadjustment,Misadjustment,Philip K.,Dick,5/14/1954,2/1/1957,NULL,12,NULL,https://1999pkdweb.philipdick.com/Misadjustment.htm,0,"MISADJUSTMENT 5/14/54. Science Fiction Quarterly, Feb 1957.","5/14/54. Science Fiction Quarterly, Feb 1957.",5/14/1954,Feb 1957.,2/1/1957,https://1999pkdweb.philipdick.com/Misadjustment.htm
285,Mr. Spaceship,mr. spaceship,Mr.-Spaceship,Philip K.,Dick,,1/1/1953,NULL,12,NULL,https://1999pkdweb.philipdick.com/Mr%20Spaceship.htm,0,"MR. SPACESHIP Imagination, Jan 1953.","Imagination, Jan 1953.",,Jan 1953.,1/1/1953,https://1999pkdweb.philipdick.com/Mr%20Spaceship.htm
330,Nanny,nanny,Nanny,Philip K.,Dick,8/26/1952,3/1/1955,NULL,12,NULL,https://1999pkdweb.philipdick.com/nanny.htm,0,"NANNY 8/26/52. Startling Stories, Spring 1955.","8/26/52. Startling Stories, Spring 1955.",8/26/1952,Spring 1955.,3/1/1955,https://1999pkdweb.philipdick.com/nanny.htm
369,Not By Its Cover,not by its cover,Not-By-Its-Cover,Philip K.,Dick,9/21/1965,6/1/1968,NULL,12,NULL,https://1999pkdweb.philipdick.com/Not%20By%20Its%20Cover.htm,0,"NOT BY ITS COVER 9/21/65. Famous Science Fiction, Summer 1968.","9/21/65. Famous Science Fiction, Summer 1968.",9/21/1965,Summer 1968.,6/1/1968,https://1999pkdweb.philipdick.com/Not%20By%20Its%20Cover.htm
354,Novelty Act,novelty act,Novelty-Act,Philip K.,Dick,3/23/1963,2/1/1964,NULL,12,NULL,https://1999pkdweb.philipdick.com/Novelty%20Act.htm,0,"NOVELTY ACT (""At Second Jug"") 3/23/63. Fantastic, Feb 1964. [Included in PKD's novel THE SIMULACRA.]","3/23/63. Fantastic, Feb 1964. [Included in PKD's novel THE SIMULACRA.]",3/23/1963,Feb 1964.,2/1/1964,https://1999pkdweb.philipdick.com/Novelty%20Act.htm
341,Null-O,null-o,Null-O,Philip K.,Dick,8/31/1953,12/1/1958,NULL,12,NULL,https://1999pkdweb.philipdick.com/Null%20O.htm,0,"NULL-0 (""Loony Lemuel"") 8/31/53. If, Dec 1958.","8/31/53. If, Dec 1958.",8/31/1953,Dec 1958.,12/1/1958,https://1999pkdweb.philipdick.com/Null%20O.htm
308,Of Withered Apples,of withered apples,Of-Withered-Apples,Philip K.,Dick,1/26/1953,7/1/1954,NULL,12,NULL,https://1999pkdweb.philipdick.com/Of%20Withered%20Apples.htm,0,"OF WITHERED APPLES 1/26/53. Cosmos Science Fiction and Fantasy, July 1954.","1/26/53. Cosmos Science Fiction and Fantasy, July 1954.",1/26/1953,July 1954.,7/1/1954,https://1999pkdweb.philipdick.com/Of%20Withered%20Apples.htm
355,"Oh, to be a Blobel!","oh, to be a blobel!","Oh,-To-Be-A-Blobel!",Philip K.,Dick,5/6/1963,2/1/1964,NULL,12,NULL,https://1999pkdweb.philipdick.com/Oh%20To%20Be%20A%20Blobel.htm,0,"OH, TO BE A BLOBEL! (""Well, See, There Were These Blobels…"") 5/6/63. Galaxy, Feb 1964.","5/6/63. Galaxy, Feb 1964.",5/6/1963,Feb 1964.,2/1/1964,https://1999pkdweb.philipdick.com/Oh%20To%20Be%20A%20Blobel.htm
356,Orpheus with Clay Feet,orpheus with clay feet,Orpheus-With-Clay-Feet,Philip K.,Dick,4/16/1963,1/1/1964,NULL,12,NULL,https://1999pkdweb.philipdick.com/Orpheus%20With%20Clay%20Feet.htm,0,ORPHEUS WITH CLAY FEET 4/16/63 [published in Escapade circa 1964 under the pseudonym Jack Dowland].,4/16/63 [published in Escapade circa 1964 under the pseudonym Jack Dowland].,4/16/1963,1964,1/1/1964,https://1999pkdweb.philipdick.com/Orpheus%20With%20Clay%20Feet.htm
286,Out in the Garden,out in the garden,Out-In-The-Garden,Philip K.,Dick,7/31/1952,8/1/1953,NULL,12,NULL,https://1999pkdweb.philipdick.com/Out%20In%20The%20Garden.htm,0,"OUT IN THE GARDEN 7/31/52. Fantasy Fiction, Aug 1953.","7/31/52. Fantasy Fiction, Aug 1953.",7/31/1952,Aug 1953.,8/1/1953,https://1999pkdweb.philipdick.com/Out%20In%20The%20Garden.htm
337,Pay for the Printer,pay for the printer,Pay-For-The-Printer,Philip K.,Dick,1/28/1954,10/1/1956,NULL,12,NULL,https://1999pkdweb.philipdick.com/Pay%20For%20The%20Printer.htm,0,"PAY FOR THE PRINTER (""Printer's Pay"") 1/28/54. Satellite Science Fiction, Oct 1956.","1/28/54. Satellite Science Fiction, Oct 1956.",1/28/1954,Oct 1956.,10/1/1956,https://1999pkdweb.philipdick.com/Pay%20For%20The%20Printer.htm
287,Paycheck,paycheck,Paycheck,Philip K.,Dick,7/31/1952,6/1/1953,NULL,12,NULL,https://1999pkdweb.philipdick.com/paycheck.htm,0,"PAYCHECK 7/31/52. Imagination, June 1953.","7/31/52. Imagination, June 1953.",7/31/1952,June 1953.,6/1/1953,https://1999pkdweb.philipdick.com/paycheck.htm
288,Piper in the Woods,piper in the woods,Piper-In-The-Woods,Philip K.,Dick,,2/1/1953,NULL,12,NULL,https://1999pkdweb.philipdick.com/Piper%20In%20The%20Woods.htm,0,"PIPER IN THE WOODS Imagination, Feb 1953.","Imagination, Feb 1953.",,Feb 1953.,2/1/1953,https://1999pkdweb.philipdick.com/Piper%20In%20The%20Woods.htm
289,Planet for Transients,planet for transients,Planet-For-Transients,Philip K.,Dick,3/23/1953,10/1/1953,NULL,12,NULL,https://1999pkdweb.philipdick.com/Planet%20For%20Transients.htm,0,"PLANET FOR TRANSIENTS (""The Itinerants"") 3/23/53. Fantastic Universe, Oct-Nov 1953.","3/23/53. Fantastic Universe, Oct-Nov 1953.",3/23/1953,Oct-Nov 1953.,10/1/1953,https://1999pkdweb.philipdick.com/Planet%20For%20Transients.htm
357,Precious Artifact,precious artifact,Precious-Artifact,Philip K.,Dick,12/9/1963,10/1/1964,NULL,12,NULL,https://1999pkdweb.philipdick.com/Precious%20Artifact.htm,0,"PRECIOUS ARTIFACT 12/9/63. Galaxy, Oct 1964.","12/9/63. Galaxy, Oct 1964.",12/9/1963,Oct 1964.,10/1/1964,https://1999pkdweb.philipdick.com/Precious%20Artifact.htm
310,Prize Ship,prize ship,Prize-Ship,Philip K.,Dick,8/14/1952,12/1/1954,NULL,12,NULL,https://1999pkdweb.philipdick.com/Prize%20Ship.htm,0,"PRIZE SHIP (""Globe From Ganymede"") 8/14/52. Thrilling Wonder Stories, Winter 1954.","8/14/52. Thrilling Wonder Stories, Winter 1954.",8/14/1952,Winter 1954.,12/1/1954,https://1999pkdweb.philipdick.com/Prize%20Ship.htm
311,Progeny,progeny,Progeny,Philip K.,Dick,11/3/1952,11/1/1954,NULL,12,NULL,https://1999pkdweb.philipdick.com/progeny.htm,0,"PROGENY 11/3/52. If, Nov 1954.","11/3/52. If, Nov 1954.",11/3/1952,Nov 1954.,11/1/1954,https://1999pkdweb.philipdick.com/progeny.htm
362,Project Plowshare,project plowshare,Project-Plowshare,Philip K.,Dick,,,NULL,12,NULL,https://1999pkdweb.philipdick.com/Project%20Earth.htm,0,,,,,,https://1999pkdweb.philipdick.com/Project%20Earth.htm
291,Project: Earth,project: earth,Project:-Earth,Philip K.,Dick,1/6/1953,12/1/1953,NULL,12,NULL,https://1999pkdweb.philipdick.com/Project%20Plowshare.htm,0,"PROJECT: EARTH (""One Who Stole"") 1/6/53. Imagination, Dec 1953.","1/6/53. Imagination, Dec 1953.",1/6/1953,Dec 1953.,12/1/1953,https://1999pkdweb.philipdick.com/Project%20Plowshare.htm
312,Prominent Author,prominent author,Prominent-Author,Philip K.,Dick,4/20/1953,5/1/1954,NULL,12,NULL,https://1999pkdweb.philipdick.com/Prominent%20Author.htm,0,"PROMINENT AUTHOR 4/20/53. If, May 1954.","4/20/53. If, May 1954.",4/20/1953,May 1954.,5/1/1954,https://1999pkdweb.philipdick.com/Prominent%20Author.htm
331,Psi-man Heal My Child!,psi-man heal my child!,Psi-Man-Heal-My-Child!,Philip K.,Dick,6/8/1954,11/1/1955,NULL,12,NULL,https://1999pkdweb.philipdick.com/Psi-Man%20Heal%20My%20Child.htm,0,"PSI-MAN HEAL MY CHILD! (""Outside Consultant"") 6/8/54. Imaginative Tales, Nov 1955. [Also published in a story collection as ""Psi-Man.""]","6/8/54. Imaginative Tales, Nov 1955. [Also published in a story collection as ""Psi-Man.""]",6/8/1954,Nov 1955.,11/1/1955,https://1999pkdweb.philipdick.com/Psi-Man%20Heal%20My%20Child.htm
379,Rautavaaraâ€™s Case,rautavaaraâ€™s case,Rautavaaraâ€™s-Case,Philip K.,Dick,5/13/1980,10/1/1980,NULL,12,NULL,https://1999pkdweb.philipdick.com/Rautavaaras%20Case.htm,0,"RAUTAVAARA'S CASE 5/13/80. Omni, Oct 1980.","5/13/80. Omni, Oct 1980.",5/13/1980,Oct 1980.,10/1/1980,https://1999pkdweb.philipdick.com/Rautavaaras%20Case.htm
344,Recall Mechanism,recall mechanism,Recall-Mechanism,Philip K.,Dick,,7/1/1959,NULL,12,NULL,https://1999pkdweb.philipdick.com/Recall%20Mechanism.htm,0,"RECALL MECHANISM. If, July 1959.","If, July 1959.",,July 1959.,7/1/1959,https://1999pkdweb.philipdick.com/Recall%20Mechanism.htm
363,Retreat Syndrome,retreat syndrome,Retreat-Syndrome,Philip K.,Dick,12/23/1963,1/1/1965,NULL,12,NULL,https://1999pkdweb.philipdick.com/Retreat%20Syndrome.htm,0,"RETREAT SYNDROME 12/23/63. Worlds of Tomorrow, Jan 1965.","12/23/63. Worlds of Tomorrow, Jan 1965.",12/23/1963,Jan 1965.,1/1/1965,https://1999pkdweb.philipdick.com/Retreat%20Syndrome.htm
368,Return Match,return match,Return-Match,Philip K.,Dick,10/14/1965,2/1/1967,NULL,12,NULL,https://1999pkdweb.philipdick.com/Return%20Match.htm,0,"RETURN MATCH 10/14/65. Galaxy, Feb 1967.","10/14/65. Galaxy, Feb 1967.",10/14/1965,Feb 1967.,2/1/1967,https://1999pkdweb.philipdick.com/Return%20Match.htm
292,Roog,roog,Roog,Philip K.,Dick,11/1/1951,2/1/1953,NULL,12,NULL,https://1999pkdweb.philipdick.com/roog.htm,0,"ROOG written 11/51. Fantasy & Science Fiction, Feb 1953.","written 11/51. Fantasy & Science Fiction, Feb 1953.",11/1/1951,Feb 1953.,2/1/1953,https://1999pkdweb.philipdick.com/roog.htm
313,Sales Pitch,sales pitch,Sales-Pitch,Philip K.,Dick,11/19/1953,6/1/1954,NULL,12,NULL,https://1999pkdweb.philipdick.com/Sales%20Pitch.htm,0,"SALES PITCH 11/19/53. Future, June 1954.","11/19/53. Future, June 1954.",11/19/1953,June 1954.,6/1/1954,https://1999pkdweb.philipdick.com/Sales%20Pitch.htm
332,Service Call,service call,Service-Call,Philip K.,Dick,10/11/1954,7/1/1955,NULL,12,NULL,https://1999pkdweb.philipdick.com/Service%20Call.htm,0,"SERVICE CALL 10/11/54. Science Fiction Stories, July 1955.","10/11/54. Science Fiction Stories, July 1955.",10/11/1954,July 1955.,7/1/1955,https://1999pkdweb.philipdick.com/Service%20Call.htm
314,Shell Game,shell game,Shell-Game,Philip K.,Dick,12/22/1953,9/1/1954,NULL,12,NULL,https://1999pkdweb.philipdick.com/Shell%20Game.htm,0,"SHELL GAME 12/22/53. Galaxy, Sept 1954.","12/22/53. Galaxy, Sept 1954.",12/22/1953,Sept 1954.,9/1/1954,https://1999pkdweb.philipdick.com/Shell%20Game.htm
316,Small Town,small town,Small-Town,Philip K.,Dick,3/23/1953,5/1/1954,NULL,12,NULL,https://1999pkdweb.philipdick.com/Small%20Town.htm,0,"SMALL TOWN (""Engineer"") 3/23/53. Amazing, May 1954.","3/23/53. Amazing, May 1954.",3/23/1953,May 1954.,5/1/1954,https://1999pkdweb.philipdick.com/Small%20Town.htm
293,Some Kinds of Life,some kinds of life,Some-Kinds-Of-Life,Philip K.,Dick,11/3/1952,10/1/1953,NULL,12,NULL,https://1999pkdweb.philipdick.com/Some%20Kinds%20Of%20Life.htm,0,"SOME KINDS OF LIFE (The Beleaguered"") 11/3/52. Fantastic Universe, Oct-Nov 1953.","11/3/52. Fantastic Universe, Oct-Nov 1953.",11/3/1952,Oct-Nov 1953.,10/1/1953,https://1999pkdweb.philipdick.com/Some%20Kinds%20Of%20Life.htm
317,Souvenir,souvenir,Souvenir,Philip K.,Dick,3/26/1953,10/1/1954,NULL,12,NULL,https://1999pkdweb.philipdick.com/souvenir.htm,0,"SOUVENIR 3/26/53. Fantastic Universe, Oct 1954.","3/26/53. Fantastic Universe, Oct 1954.",3/26/1953,Oct 1954.,10/1/1954,https://1999pkdweb.philipdick.com/souvenir.htm
386,Stability,stability,Stability,Philip K.,Dick,,,NULL,12,NULL,https://1999pkdweb.philipdick.com/Stability.htm,0,STABILITY written 1947 or earlier,written 1947 or earlier,,,,https://1999pkdweb.philipdick.com/Stability.htm
349,Stand-by,stand-by,Stand-By,Philip K.,Dick,4/18/1963,10/1/1963,NULL,12,NULL,https://1999pkdweb.philipdick.com/stand-by.htm,0,"STAND-BY (""Top Stand-By Job"") 4/18/63. Amazing, Oct 1963.","4/18/63. Amazing, Oct 1963.",4/18/1963,Oct 1963.,10/1/1963,https://1999pkdweb.philipdick.com/stand-by.htm
318,Strange Eden,strange eden,Strange-Eden,Philip K.,Dick,8/4/1953,12/1/1954,NULL,12,NULL,https://1999pkdweb.philipdick.com/Strange%20Eden.htm,0,"STRANGE EDEN (""Immolation"") 8/4/53. Imagination, Dec 1954.","8/4/53. Imagination, Dec 1954.",8/4/1953,Dec 1954.,12/1/1954,https://1999pkdweb.philipdick.com/Strange%20Eden.htm
382,Strange Memories Of Death,strange memories of death,Strange-Memories-Of-Death,Philip K.,Dick,3/27/1980,6/1/1984,NULL,12,NULL,https://1999pkdweb.philipdick.com/Strange%20Memories%20Of%20Death.htm,0,"STRANGE MEMORIES OF DEATH 3/27/80. Interzone, Summer 1984.","3/27/80. Interzone, Summer 1984.",3/27/1980,Summer 1984.,6/1/1984,https://1999pkdweb.philipdick.com/Strange%20Memories%20Of%20Death.htm
319,Survey Team,survey team,Survey-Team,Philip K.,Dick,4/3/1953,5/1/1954,NULL,12,NULL,https://1999pkdweb.philipdick.com/Survey%20Team.htm,0,"SURVEY TEAM 4/3/53. Fantastic Universe, May 1954.","4/3/53. Fantastic Universe, May 1954.",4/3/1953,May 1954.,5/1/1954,https://1999pkdweb.philipdick.com/Survey%20Team.htm
381,The Alien Mind,"alien mind, the",The-Alien-Mind,Philip K.,Dick,,2/20/1981,NULL,12,NULL,https://1999pkdweb.philipdick.com/the%20alien%20mind.htm,0,"THE ALIEN MIND The Yuba City High Times, 20 Feb 1981.","The Yuba City High Times, 20 Feb 1981.",,20 Feb 1981.,2/20/1981,https://1999pkdweb.philipdick.com/the%20alien%20mind.htm
269,The Builder,"builder, the",The-Builder,Philip K.,Dick,7/23/1952,12/1/1953,NULL,12,NULL,https://1999pkdweb.philipdick.com/The%20Builder.htm,0,"THE BUILDER 7/23/52. Amazing, Dec 1953-Jan 1954.","7/23/52. Amazing, Dec 1953-Jan 1954.",7/23/1952,Dec 1953-Jan 1954.,12/1/1953,https://1999pkdweb.philipdick.com/The%20Builder.htm
325,The Chromium Fence,"chromium fence, the",The-Chromium-Fence,Philip K.,Dick,4/9/1954,7/1/1955,NULL,12,NULL,https://1999pkdweb.philipdick.com/The%20Chromium%20Fence.htm,0,"THE CHROMIUM FENCE 4/9/54. Imagination, July 1955.","4/9/54. Imagination, July 1955.",4/9/1954,July 1955.,7/1/1955,https://1999pkdweb.philipdick.com/The%20Chromium%20Fence.htm
271,The Commuter,"commuter, the",The-Commuter,Philip K.,Dick,11/19/1952,8/1/1953,NULL,12,NULL,https://1999pkdweb.philipdick.com/The%20Commuter.htm,0,"THE COMMUTER 11/19/52. Amazing, Aug-Sept 1953.","11/19/52. Amazing, Aug-Sept 1953.",11/19/1952,Aug-Sept 1953.,8/1/1953,https://1999pkdweb.philipdick.com/The%20Commuter.htm
272,The Cookie Lady,"cookie lady, the",The-Cookie-Lady,Philip K.,Dick,8/27/1952,6/1/1953,NULL,12,NULL,,0,"THE COOKIE LADY 8/27/52. Fantasy Fiction, June 1953.","8/27/52. Fantasy Fiction, June 1953.",8/27/1952,June 1953.,6/1/1953,
273,The Cosmic Poachers,"cosmic poachers, the",The-Cosmic-Poachers,Philip K.,Dick,10/22/1952,7/1/1953,NULL,12,NULL,https://1999pkdweb.philipdick.com/The%20Cosmic%20Poachers.htm,0,"THE COSMIC POACHERS (""Burglar"") 10/22/52. Imagination, July 1953.","10/22/52. Imagination, July 1953.",10/22/1952,July 1953.,7/1/1953,https://1999pkdweb.philipdick.com/The%20Cosmic%20Poachers.htm
299,The Crawlers,"crawlers, the",The-Crawlers,Philip K.,Dick,10/29/1953,7/1/1954,NULL,12,NULL,https://1999pkdweb.philipdick.com/The%20Crawlers.htm,0,"THE CRAWLERS (""Foundling Home"") 10/29/53. Imagination, July 1954.","10/29/53. Imagination, July 1954.",10/29/1953,July 1954.,7/1/1954,https://1999pkdweb.philipdick.com/The%20Crawlers.htm
300,The Crystal Crypt,"crystal crypt, the",The-Crystal-Crypt,Philip K.,Dick,,1/1/1954,NULL,12,NULL,https://1999pkdweb.philipdick.com/The%20Crystal%20Crypt.htm,0,"THE CRYSTAL CRYPT Planet Stories, Jan 1954.","Planet Stories, Jan 1954.",,Jan 1954.,1/1/1954,https://1999pkdweb.philipdick.com/The%20Crystal%20Crypt.htm
383,The Day Mr. Computer Fell Out of Its Tree,"day mr. computer fell out of its tree, the",The-Day-Mr.-Computer-Fell-Out-Of-Its-Tree,Philip K.,Dick,,,NULL,12,NULL,https://1999pkdweb.philipdick.com/The%20Day%20Mr.%20Computer%20Fell%20Out%20Of%20Its%20Tree.htm,0,THE DAY MR. COMPUTER FELL OUT OF ITS TREE written summer 1977 [previously unpublished].,written summer 1977 [previously unpublished].,,,,https://1999pkdweb.philipdick.com/The%20Day%20Mr.%20Computer%20Fell%20Out%20Of%20Its%20Tree.htm
347,The Days of Perky Pat,"days of perky pat, the",The-Days-Of-Perky-Pat,Philip K.,Dick,4/18/1963,12/1/1963,NULL,12,NULL,https://1999pkdweb.philipdick.com/The%20Days%20Of%20Perky%20Pat.htm,0,"THE DAYS OF PERKY PAT (""In the Days of Perky Pat"") 4/18/63. Amazing, Dec 1963.","4/18/63. Amazing, Dec 1963.",4/18/1963,Dec 1963.,12/1/1963,https://1999pkdweb.philipdick.com/The%20Days%20Of%20Perky%20Pat.htm
274,The Defenders,"defenders, the",The-Defenders,Philip K.,Dick,,1/1/1953,NULL,12,NULL,https://1999pkdweb.philipdick.com/The%20Defenders.htm,0,"THE DEFENDERS Galaxy, Jan 1953.","Galaxy, Jan 1953.",,Jan 1953.,1/1/1953,https://1999pkdweb.philipdick.com/The%20Defenders.htm
374,The Different Stages of Love,"different stages of love, the",The-Different-Stages-Of-Love,Philip K.,Dick,,,NULL,12,NULL,https://1999pkdweb.philipdick.com/The%20Different%20Stages%20Of%20Love.htm,0,,,,,,https://1999pkdweb.philipdick.com/The%20Different%20Stages%20Of%20Love.htm
372,The Electric Ant,"electric ant, the",The-Electric-Ant,Philip K.,Dick,12/4/1968,10/1/1969,NULL,12,NULL,https://1999pkdweb.philipdick.com/The%20Electric%20Ant.htm,0,"THE ELECTRIC ANT 12/4/68. Fantasy & Science Fiction, Oct 1969.","12/4/68. Fantasy & Science Fiction, Oct 1969.",12/4/1968,Oct 1969.,10/1/1969,https://1999pkdweb.philipdick.com/The%20Electric%20Ant.htm
377,The Exit Door Leads In,"exit door leads in, the",The-Exit-Door-Leads-In,Philip K.,Dick,6/21/1979,9/1/1979,NULL,12,NULL,https://1999pkdweb.philipdick.com/The%20Exit%20Door%20Leads%20In.htm,0,"THE EXIT DOOR LEADS IN 6/21/79. Rolling Stone College Papers, Fall 1979.","6/21/79. Rolling Stone College Papers, Fall 1979.",6/21/1979,Fall 1979.,9/1/1979,https://1999pkdweb.philipdick.com/The%20Exit%20Door%20Leads%20In.htm
384,The Eye of The Sibyl,"eye of the sibyl, the",The-Eye-Of-The-Sibyl,Philip K.,Dick,5/15/1975,,NULL,12,NULL,https://1999pkdweb.philipdick.com/The%20Eye%20Of%20The%20Sibyl.htm,0,THE EYE OF THE SYBIL 5/15/75 [previously unpublished].,5/15/75 [previously unpublished].,5/15/1975,,,https://1999pkdweb.philipdick.com/The%20Eye%20Of%20The%20Sibyl.htm
276,The Eyes Have It,"eyes have it, the",The-Eyes-Have-It,Philip K.,Dick,5/13/1953,1/1/1953,NULL,12,NULL,https://1999pkdweb.philipdick.com/The%20Eyes%20Have%20It.htm,0,"THE EYES HAVE IT 5/13/53. Science Fiction Stories, No 1, 1953.","5/13/53. Science Fiction Stories, No 1, 1953.",5/13/1953,1953,1/1/1953,https://1999pkdweb.philipdick.com/The%20Eyes%20Have%20It.htm
302,The Father-thing,"father-thing, the",The-Father-Thing,Philip K.,Dick,7/21/1953,12/1/1954,NULL,12,NULL,https://1999pkdweb.philipdick.com/The%20Father-Thing.htm,0,"THE FATHER-THING 7/21/53, Fantasy & Science Fiction, Dec 1954.","7/21/53, Fantasy & Science Fiction, Dec 1954.",7/21/1953,Dec 1954.,12/1/1954,https://1999pkdweb.philipdick.com/The%20Father-Thing.htm
303,The Golden Man,"golden man, the",The-Golden-Man,Philip K.,Dick,6/24/1953,4/1/1954,NULL,12,NULL,https://1999pkdweb.philipdick.com/THE%20GOLDEN%20MAN.htm,0,"THE GOLDEN MAN (""The God Who Runs"") 6/24/53. If April 1954.",6/24/53. If April 1954.,6/24/1953,April 1954.,4/1/1954,https://1999pkdweb.philipdick.com/THE%20GOLDEN%20MAN.htm
277,The Great C,"great c, the",The-Great-C,Philip K.,Dick,7/31/1952,9/1/1953,NULL,12,NULL,https://1999pkdweb.philipdick.com/The%20Great%20C.htm,0,"THE GREAT C 7/31/52. Cosmos Science Fiction and Fantasy, Sept 1953.","7/31/52. Cosmos Science Fiction and Fantasy, Sept 1953.",7/31/1952,Sept 1953.,9/1/1953,https://1999pkdweb.philipdick.com/The%20Great%20C.htm
266,The Gun,"gun, the",The-Gun,Philip K.,Dick,,9/1/1952,NULL,12,NULL,https://1999pkdweb.philipdick.com/The%20Gun.htm,0,"THE GUN Planet Stories, Sept 1952.","Planet Stories, Sept 1952.",,Sept 1952.,9/1/1952,https://1999pkdweb.philipdick.com/The%20Gun.htm
278,The Hanging Stranger,"hanging stranger, the",The-Hanging-Stranger,Philip K.,Dick,5/4/1953,12/1/1953,NULL,12,NULL,https://1999pkdweb.philipdick.com/The%20Hanging%20Stranger.htm,0,"THE HANGING STRANGER 5/4/53. Science Fiction Adventures, Dec 1953.","5/4/53. Science Fiction Adventures, Dec 1953.",5/4/1953,Dec 1953.,12/1/1953,https://1999pkdweb.philipdick.com/The%20Hanging%20Stranger.htm
327,The Hood Maker,"hood maker, the",The-Hood-Maker,Philip K.,Dick,1/26/1953,6/1/1955,NULL,12,NULL,https://1999pkdweb.philipdick.com/The%20Hood%20Maker.htm,0,"THE HOOD MAKER (""Immunity"") 1/26/53. Imagination, June 1955.","1/26/53. Imagination, June 1955.",1/26/1953,June 1955.,6/1/1955,https://1999pkdweb.philipdick.com/The%20Hood%20Maker.htm
279,The Impossible Planet,"impossible planet, the",The-Impossible-Planet,Philip K.,Dick,2/11/1953,10/1/1953,NULL,12,NULL,https://1999pkdweb.philipdick.com/The%20Impossible%20Planet.htm,0,"THE IMPOSSIBLE PLANET (""Legend"") 2/11/53. Imagination, Oct 1953.","2/11/53. Imagination, Oct 1953.",2/11/1953,Oct 1953.,10/1/1953,https://1999pkdweb.philipdick.com/The%20Impossible%20Planet.htm
281,The Indefatigable Frog,"indefatigable frog, the",The-Indefatigable-Frog,Philip K.,Dick,,7/1/1953,NULL,12,NULL,https://1999pkdweb.philipdick.com/The%20Indefatigable%20Frog.htm,0,"THE INDEFATIGABLE FROG Fantastic Story Magazine, July 1953.","Fantastic Story Magazine, July 1953.",,July 1953.,7/1/1953,https://1999pkdweb.philipdick.com/The%20Indefatigable%20Frog.htm
282,The Infinites,"infinites, the",The-Infinites,Philip K.,Dick,,5/1/1953,NULL,12,NULL,https://1999pkdweb.philipdick.com/The%20Infinities.htm,0,"THE INFINITES Planet Stones, May 1953.","Planet Stones, May 1953.",,May 1953.,5/1/1953,https://1999pkdweb.philipdick.com/The%20Infinities.htm
283,The King of the Elves,"king of the elves, the",The-King-Of-The-Elves,Philip K.,Dick,8/4/1952,9/1/1953,NULL,12,NULL,https://1999pkdweb.philipdick.com/The%20King%20Of%20The%20Elves.htm,0,"THE KING OF THE ELVES (""Shadrach Jones and the Elves"") 8/4/52. Beyond Fantasy Fiction, Sept 1953.","8/4/52. Beyond Fantasy Fiction, Sept 1953.",8/4/1952,Sept 1953.,9/1/1953,https://1999pkdweb.philipdick.com/The%20King%20Of%20The%20Elves.htm
306,The Last of the Masters,"last of the masters, the",The-Last-Of-The-Masters,Philip K.,Dick,7/15/1953,11/1/1954,NULL,12,NULL,https://1999pkdweb.philipdick.com/The%20Last%20Of%20The%20Master.htm,0,"THE LAST OF THE MASTERS (""Protection Agency"") 7/15/53. Orbit Science Fiction, Nov-Dec 1954.","7/15/53. Orbit Science Fiction, Nov-Dec 1954.",7/15/1953,Nov-Dec 1954.,11/1/1954,https://1999pkdweb.philipdick.com/The%20Last%20Of%20The%20Master.htm
353,The Little Black Box,"little black box, the",The-Little-Black-Box,Philip K.,Dick,5/6/1963,8/1/1964,NULL,12,NULL,https://1999pkdweb.philipdick.com/The%20Little%20Black%20Box.htm,0,"THE LITTLE BLACK BOX (""From Ordinary Household Objects"") 5/6/63. Worlds of Tomorrow, Aug 1964.","5/6/63. Worlds of Tomorrow, Aug 1964.",5/6/1963,Aug 1964.,8/1/1964,https://1999pkdweb.philipdick.com/The%20Little%20Black%20Box.htm
267,The Little Movement,"little movement, the",The-Little-Movement,Philip K.,Dick,,11/1/1952,NULL,12,NULL,https://1999pkdweb.philipdick.com/The%20Little%20Movement.htm,0,"THE LITTLE MOVEMENT Fantasy & Science Fiction, Nov 1952.","Fantasy & Science Fiction, Nov 1952.",,Nov 1952.,11/1/1952,https://1999pkdweb.philipdick.com/The%20Little%20Movement.htm
329,The Mold of Yancy,"mold of yancy, the",The-Mold-Of-Yancy,Philip K.,Dick,10/18/1954,8/1/1955,NULL,12,NULL,https://1999pkdweb.philipdick.com/The%20Mold%20Of%20Yancy.htm,0,"THE MOLD OF YANCY 10/18/54. If, Aug 1955.","10/18/54. If, Aug 1955.",10/18/1954,Aug 1955.,8/1/1955,https://1999pkdweb.philipdick.com/The%20Mold%20Of%20Yancy.htm
375,The Pre-persons,"pre-persons, the",The-Pre-Persons,Philip K.,Dick,12/20/1973,10/1/1974,NULL,12,NULL,https://1999pkdweb.philipdick.com/The%20Pre%20Persons.htm,0,"THE PRE-PERSONS 12/20/73. Fantasy & Science Fiction, Oct 1974.","12/20/73. Fantasy & Science Fiction, Oct 1974.",12/20/1973,Oct 1974.,10/1/1974,https://1999pkdweb.philipdick.com/The%20Pre%20Persons.htm
290,The Preserving Machine,"preserving machine, the",The-Preserving-Machine,Philip K.,Dick,,6/1/1953,NULL,12,NULL,https://1999pkdweb.philipdick.com/The%20Preserving%20Machine.htm,0,"THE PRESERVING MACHINE Fantasy & Science Fiction, June 1953.","Fantasy & Science Fiction, June 1953.",,June 1953.,6/1/1953,https://1999pkdweb.philipdick.com/The%20Preserving%20Machine.htm
315,The Short Happy Life of the Brown Oxford,"short happy life of the brown oxford, the",The-Short-Happy-Life-Of-The-Brown-Oxford,Philip K.,Dick,,1/1/1954,NULL,12,NULL,https://1999pkdweb.philipdick.com/The%20Short%20Happy%20%20Life%20Of%20The%20Brown%20Oxford.htm,0,"THE SHORT HAPPY LIFE OF THE BROWN OXFORD Fantasy & Science Fiction, Jan 1954.","Fantasy & Science Fiction, Jan 1954.",,Jan 1954.,1/1/1954,https://1999pkdweb.philipdick.com/The%20Short%20Happy%20%20Life%20Of%20The%20Brown%20Oxford.htm
370,The Story To End All Stories,"story to end all stories, the",The-Story-To-End-All-Stories,Philip K.,Dick,,9/1/1968,NULL,12,NULL,https://1999pkdweb.philipdick.com/The%20Story%20To%20End%20All%20Stories.htm,0,"THE STORY TO END ALL STORIES FOR HARLAN ELLISON'S ANTHOLOGY DANGEROUS VISIONS Niekas, Fall 1968.","Niekas, Fall 1968.",,Fall 1968.,9/1/1968,https://1999pkdweb.philipdick.com/The%20Story%20To%20End%20All%20Stories.htm
295,The Trouble with Bubbles,"trouble with bubbles, the",The-Trouble-With-Bubbles,Philip K.,Dick,1/13/1953,9/1/1953,NULL,12,NULL,https://1999pkdweb.philipdick.com/The%20Trouble%20With%20Bubbles.htm,0,"THE TROUBLE WITH BUBBLES (""Plaything"") 1/13/53. If, Sept 1953.","1/13/53. If, Sept 1953.",1/13/1953,Sept 1953.,9/1/1953,https://1999pkdweb.philipdick.com/The%20Trouble%20With%20Bubbles.htm
321,The Turning Wheel,"turning wheel, the",The-Turning-Wheel,Philip K.,Dick,7/8/1953,1/1/1954,NULL,12,NULL,https://1999pkdweb.philipdick.com/The%20Turning%20Wheel.htm,0,"THE TURNING WHEEL 7/8/53. Science Fiction Stories, No 2, 1954.","7/8/53. Science Fiction Stories, No 2, 1954.",7/8/1953,1954,1/1/1954,https://1999pkdweb.philipdick.com/The%20Turning%20Wheel.htm
340,The Unreconstructed M,"unreconstructed m, the",The-Unreconstructed-M,Philip K.,Dick,6/2/1955,1/1/1957,NULL,12,NULL,https://1999pkdweb.philipdick.com/The%20Unreconstructed%20M.htm,0,"THE UNRECONSTRUCTED M 6/2/55. Science Fiction Stories, Jan 1957.","6/2/55. Science Fiction Stories, Jan 1957.",6/2/1955,Jan 1957.,1/1/1957,https://1999pkdweb.philipdick.com/The%20Unreconstructed%20M.htm
358,The Unteleported Man,"unteleported man, the",The-Unteleported-Man,Philip K.,Dick,,,NULL,12,NULL,https://1999pkdweb.philipdick.com/The%20Unteleported%20Man.htm,0,,,,,,https://1999pkdweb.philipdick.com/The%20Unteleported%20Man.htm
268,The Variable Man,"variable man, the",The-Variable-Man,Philip K.,Dick,,7/1/1953,NULL,12,NULL,https://1999pkdweb.philipdick.com/THE%20VARIABLE%20MAN.htm,0,"THE VARIABLE MAN Space Science Fiction (British), July 1953.","Space Science Fiction (British), July 1953.",,July 1953.,7/1/1953,https://1999pkdweb.philipdick.com/THE%20VARIABLE%20MAN.htm
359,The War with the Fnools,"war with the fnools, the",The-War-With-The-Fnools,Philip K.,Dick,,3/1/1964,NULL,12,NULL,https://1999pkdweb.philipdick.com/The%20War%20With%20The%20Fnools.htm,0,"THE WAR WITH THE FNOOLS Galactic Outpost, Spring 1964.","Galactic Outpost, Spring 1964.",,Spring 1964.,3/1/1964,https://1999pkdweb.philipdick.com/The%20War%20With%20The%20Fnools.htm
296,The World She Wanted,"world she wanted, the",The-World-She-Wanted,Philip K.,Dick,11/24/1952,5/1/1953,NULL,12,NULL,https://1999pkdweb.philipdick.com/The%20World%20She%20Wanted.htm,0,"THE WORLD SHE WANTED 11/24/52. Science Fiction Quarterly, May 1953.","11/24/52. Science Fiction Quarterly, May 1953.",11/24/1952,May 1953.,5/1/1953,https://1999pkdweb.philipdick.com/The%20World%20She%20Wanted.htm
320,Time Pawn,time pawn,Time-Pawn,Philip K.,Dick,,,NULL,12,NULL,https://1999pkdweb.philipdick.com/Time%20Pawn.htm,0,,,,,,https://1999pkdweb.philipdick.com/Time%20Pawn.htm
338,To Serve the Master,to serve the master,To-Serve-The-Master,Philip K.,Dick,10/21/1953,2/1/1956,NULL,12,NULL,https://1999pkdweb.philipdick.com/To%20Serve%20The%20Master.htm,0,"TO SERVE THE MASTER (""Be As Gods!"") 10/21/53. Imagination, Feb 1956.","10/21/53. Imagination, Feb 1956.",10/21/1953,Feb 1956.,2/1/1956,https://1999pkdweb.philipdick.com/To%20Serve%20The%20Master.htm
294,Tony and the Beetles,tony and the beetles,Tony-And-The-Beetles,Philip K.,Dick,8/31/1953,1/1/1953,NULL,12,NULL,https://1999pkdweb.philipdick.com/Tony%20And%20The%20Beetles.htm,0,"TONY AND THE BEETLES 8/31/53. Orbit Science Fiction, No 2, 1953.","8/31/53. Orbit Science Fiction, No 2, 1953.",8/31/1953,1953,1/1/1953,https://1999pkdweb.philipdick.com/Tony%20And%20The%20Beetles.htm
334,Vulcanâ€™s Hammer,vulcanâ€™s hammer,Vulcanâ€™s-Hammer,Philip K.,Dick,,,NULL,12,NULL,https://1999pkdweb.philipdick.com/VULCANS%20HAMMER.htm,0,,,,,,https://1999pkdweb.philipdick.com/VULCANS%20HAMMER.htm
345,War Game,war game,War-Game,Philip K.,Dick,10/31/1958,12/1/1959,NULL,12,NULL,https://1999pkdweb.philipdick.com/War%20Game.htm,0,"WAR GAME (""Diversion"") 10/31/58. Galaxy, Dec 1959.","10/31/58. Galaxy, Dec 1959.",10/31/1958,Dec 1959.,12/1/1959,https://1999pkdweb.philipdick.com/War%20Game.htm
335,War Veteran,war veteran,War-Veteran,Philip K.,Dick,2/17/1954,3/1/1955,NULL,12,NULL,https://1999pkdweb.philipdick.com/War%20Veteran.htm,0,WAR VETERAN 2/17/54. If March 1955.,2/17/54. If March 1955.,2/17/1954,March 1955.,3/1/1955,https://1999pkdweb.philipdick.com/War%20Veteran.htm
360,Waterspider,waterspider,Waterspider,Philip K.,Dick,4/10/1963,1/1/1964,NULL,12,NULL,https://1999pkdweb.philipdick.com/Waterspider.htm,0,"WATERSPIDER 4/10/63. If, Jan 1964.","4/10/63. If, Jan 1964.",4/10/1963,Jan 1964.,1/1/1964,https://1999pkdweb.philipdick.com/Waterspider.htm
365,We Can Remember It for You Wholesale,we can remember it for you wholesale,We-Can-Remember-It-For-You-Wholesale,Philip K.,Dick,,,NULL,12,NULL,https://1999pkdweb.philipdick.com/We%20Can%20Remember%20It%20For%20You%20Wholesale.htm,0,,,,,,https://1999pkdweb.philipdick.com/We%20Can%20Remember%20It%20For%20You%20Wholesale.htm
361,What the Dead Men Say,what the dead men say,What-The-Dead-Men-Say,Philip K.,Dick,4/15/1963,6/1/1964,NULL,12,NULL,https://1999pkdweb.philipdick.com/What%20The%20Dead%20Men%20Say.htm,0,"WHAT THE DEAD MEN SAY (""Man With a Broken Match"") 4/15/63. Worlds of Tomorrow, June 1964.","4/15/63. Worlds of Tomorrow, June 1964.",4/15/1963,June 1964.,6/1/1964,https://1999pkdweb.philipdick.com/What%20The%20Dead%20Men%20Say.htm
350,Whatâ€™ll We Do With Ragland Park?,whatâ€™ll we do with ragland park?,Whatâ€™ll-We-Do-With-Ragland-Park?,Philip K.,Dick,4/29/1963,11/1/1963,NULL,12,NULL,https://1999pkdweb.philipdick.com/Whatll%20We%20Do%20With%20Ragland%20Park.htm,0,"WHAT'LL WE DO WITH RAGLAND PARK? (""No Ordinary Guy"") 4/29/63. Amazing, Nov 1963.","4/29/63. Amazing, Nov 1963.",4/29/1963,Nov 1963.,11/1/1963,https://1999pkdweb.philipdick.com/Whatll%20We%20Do%20With%20Ragland%20Park.htm
366,Your Appointment Will Be Yesterday,your appointment will be yesterday,Your-Appointment-Will-Be-Yesterday,Philip K.,Dick,8/27/1965,8/1/1966,NULL,12,NULL,https://1999pkdweb.philipdick.com/Your%20Appointment%20Will%20Be%20Yesterday.htm,0,"YOUR APPOINTMENT WILL BE YESTERDAY 8/27/65. Amazing, Aug 1966. [Included in adapted form in PKD's novel COUNTER-CLOCK","8/27/65. Amazing, Aug 1966.",8/27/1965,Aug 1966.,8/1/1966,https://1999pkdweb.philipdick.com/Your%20Appointment%20Will%20Be%20Yesterday.htm
